<?xml version="1.0" encoding="UTF-8"?><?xml-stylesheet type='text/xsl' href='_UpgradeReport_Files/UpgradeReport.xslt'?><UpgradeLog>
<Properties><Property Name="Solution" Value="smailsys">
</Property><Property Name="Solution File" Value="E:\Secure Mailing System\smailsys.sln">
</Property><Property Name="User Options File" Value="E:\Secure Mailing System\smailsys.suo">
</Property><Property Name="Date" Value="18 November 2017">
</Property><Property Name="Time" Value="19:45">
</Property><Property Name="Log Number" Value="2">
</Property></Properties><Event ErrorLevel="0" Project="" Source="smailsys.sln" Description="File successfully backed up as E:\Secure Mailing System\Backup\smailsys.sln">
</Event><Event ErrorLevel="0" Project="" Source="smailsys.suo" Description="File successfully backed up as E:\Secure Mailing System\Backup\smailsys.suo">
</Event><Event ErrorLevel="1" Project="Secure Mailing System" Source="..\Secure Mailing System" Description="Warning: The project file is being backed up to a relative path that differs from the original solution relative path.  The difference in folder hierarchy may create problems in opening or building the backed up solution and project.">
</Event><Event ErrorLevel="0" Project="" Source="smailsys.sln" Description="Solution converted successfully">
</Event><Event ErrorLevel="3" Project="" Source="smailsys.sln" Description="Converted">
</Event></UpgradeLog>